CarID,DealerID,Type,"Stock No",VIN,Year,Make,Model,Body,Trim,ModelNumber,Doors,"Vehicle Exterior Color","Vehicle Interior Color",EngineCylinders,EngineDisplacement,Transmission,Mileage,SellingPrice,"Vehicle Type",MSRP,DateInStock,Drivetrain,CityMPG,HighwayMPG,ImageList,ImageLastUpdated,WebsiteVDPURL
15,AUTO1PR,"Sport Utility Vehicle",KM8K22AB3NU865927,KM8K22AB3NU865927,2022,hyundai,kona,"Sport Utility Vehicle",,,4,WHITE,BLK,2,"2.0-L L-4 DOHC 16V","Continuously Variable Transmission CVT","12,963",25995,"Used Car",,2023-05-17,,"12,963",,"https://photos.dealerimagepro.com/lib/auto-1-llc-2544/02.14.2023/USED/%28Hyundai%20-%20KONA%29KM8K22AB3NU865927/KM8K22AB3NU865927--07.jpg?ver=1676589338,https://photos.dealerimagepro.com/lib/auto-1-llc-2544/02.14.2023/USED/%28Hyundai%20-%20KONA%29KM8K22AB3NU865927/KM8K22AB3NU865927--01.jpg?ver=1676589338,https://photos.dealerimagepro.com/lib/auto-1-llc-2544/02.14.2023/USED/%28Hyundai%20-%20KONA%29KM8K22AB3NU865927/KM8K22AB3NU865927--25.jpg?ver=1676589338,https://photos.dealerimagepro.com/lib/auto-1-llc-2544/02.14.2023/USED/%28Hyundai%20-%20KONA%29KM8K22AB3NU865927/KM8K22AB3NU865927--01.jpg?ver=1676589338,https://photos.dealerimagepro.com/lib/auto-1-llc-2544/02.14.2023/USED/%28Hyundai%20-%20KONA%29KM8K22AB3NU865927/KM8K22AB3NU865927--30.jpg?ver=1676589338,https://photos.dealerimagepro.com/lib/auto-1-llc-2544/02.14.2023/USED/%28Hyundai%20-%20KONA%29KM8K22AB3NU865927/KM8K22AB3NU865927--01.jpg?ver=1676589338,https://photos.dealerimagepro.com/lib/auto-1-llc-2544/02.14.2023/USED/%28Hyundai%20-%20KONA%29KM8K22AB3NU8",,https://auto1pr.com/car.php?id=15
43,AUTO1PR,"Pickup Truck",1FTEW1EP0JKC89970,1FTEW1EP0JKC89970,2018,ford,f-150,"Pickup Truck",,,4,"Shadow Black,Magma Red Metallic,Lightning Blue Metallic,Oxford White,Stone Gray Metallic,Race Red,In",,5,"5.0-L V-8 SMPI DOHC Flexible",Automatic,"59,616",37995,"Used Car",,2023-05-17,,"59,616",,,,https://auto1pr.com/car.php?id=43
69,AUTO1PR,Hatchback,MAJ3P1RE4JC237870,MAJ3P1RE4JC237870,2018,ford,ecosport,Hatchback,,,4,"Race Red,Lightning Blue Metallic,Shadow Black,Smoke Metallic,Moondust Silver Metallic,Diamond White","Medium Stone",2,"2.0-L L-4 DOHC 16V",Automatic,"23 miles/gallon",18995,"Used Car",,2023-05-17,,"23 miles/gallon",,"https://photos.dealerimagepro.com/lib/auto-1-llc-2544/04.27.2023/USED/%28Ford%20-%20EcoSport%29MAJ3P1RE4JC237870/MAJ3P1RE4JC237870--09.jpg?ver=1682641234,https://photos.dealerimagepro.com/lib/auto-1-llc-2544/04.27.2023/USED/%28Ford%20-%20EcoSport%29MAJ3P1RE4JC237870/MAJ3P1RE4JC237870--01.jpg?ver=1682641234,https://photos.dealerimagepro.com/lib/auto-1-llc-2544/04.27.2023/USED/%28Ford%20-%20EcoSport%29MAJ3P1RE4JC237870/MAJ3P1RE4JC237870--15.jpg?ver=1682641234,https://photos.dealerimagepro.com/lib/auto-1-llc-2544/04.27.2023/USED/%28Ford%20-%20EcoSport%29MAJ3P1RE4JC237870/MAJ3P1RE4JC237870--01.jpg?ver=1682641234,https://photos.dealerimagepro.com/lib/auto-1-llc-2544/04.27.2023/USED/%28Ford%20-%20EcoSport%29MAJ3P1RE4JC237870/MAJ3P1RE4JC237870--20.jpg?ver=1682641234,https://photos.dealerimagepro.com/lib/auto-1-llc-2544/04.27.2023/USED/%28Ford%20-%20EcoSport%29MAJ3P1RE4JC237870/MAJ3P1RE4JC237870--01.jpg?ver=1682641234,https://photos.dealerimagepro.com/lib/auto-1-llc-2544/04.27.2023/USED/%28Ford%20-%20EcoSport%29MAJ3P",,https://auto1pr.com/car.php?id=69
70,AUTO1PR,Sedan,2HGFE2F50NH582745,2HGFE2F50NH582745,2022,honda,civic,Sedan,,,4,RED,GREY,2,"2.0-L L-4 DOHC 16V",CVT,"9,760",33995,"Used Car",,2023-05-17,,"9,760",,"https://photos.dealerimagepro.com/lib/auto-1-llc-2544/03.20.2023/USED/%28Honda%20-%20Civic%292HGFE2F50NH582745/2HGFE2F50NH582745--21.jpg?ver=1679338131,https://photos.dealerimagepro.com/lib/auto-1-llc-2544/03.20.2023/USED/%28Honda%20-%20Civic%292HGFE2F50NH582745/2HGFE2F50NH582745--01.jpg?ver=1679338131,https://photos.dealerimagepro.com/lib/auto-1-llc-2544/03.20.2023/USED/%28Honda%20-%20Civic%292HGFE2F50NH582745/2HGFE2F50NH582745--06.jpg?ver=1679338131,https://photos.dealerimagepro.com/lib/auto-1-llc-2544/03.20.2023/USED/%28Honda%20-%20Civic%292HGFE2F50NH582745/2HGFE2F50NH582745--01.jpg?ver=1679338131,https://photos.dealerimagepro.com/lib/auto-1-llc-2544/03.20.2023/USED/%28Honda%20-%20Civic%292HGFE2F50NH582745/2HGFE2F50NH582745--26.jpg?ver=1679338131,https://photos.dealerimagepro.com/lib/auto-1-llc-2544/03.20.2023/USED/%28Honda%20-%20Civic%292HGFE2F50NH582745/2HGFE2F50NH582745--01.jpg?ver=1679338131,https://photos.dealerimagepro.com/lib/auto-1-llc-2544/03.20.2023/USED/%28Honda%20-%20Civic%292HGFE2F50NH582745/2",,https://auto1pr.com/car.php?id=70
71,AUTO1PR,"Sport Utility Vehicle",3CZRU5H13NM706402,3CZRU5H13NM706402,2022,honda,hr-v,"Sport Utility Vehicle",,,4,WHITE,BLK,1.8,"1.8-L L-4 DOHC 16V","Continuously Variable Transmission CVT","26,224",29995,"Used Car",,2023-05-17,,"26,224",,"https://photos.dealerimagepro.com/lib/auto-1-llc-2544/02.23.2023/USED/%28Honda%20-%20HR-V%293CZRU5H13NM706402/3CZRU5H13NM706402--21.jpg?ver=1677194177,https://photos.dealerimagepro.com/lib/auto-1-llc-2544/02.23.2023/USED/%28Honda%20-%20HR-V%293CZRU5H13NM706402/3CZRU5H13NM706402--01.jpg?ver=1677194177,https://photos.dealerimagepro.com/lib/auto-1-llc-2544/02.23.2023/USED/%28Honda%20-%20HR-V%293CZRU5H13NM706402/3CZRU5H13NM706402--26.jpg?ver=1677194177,https://photos.dealerimagepro.com/lib/auto-1-llc-2544/02.23.2023/USED/%28Honda%20-%20HR-V%293CZRU5H13NM706402/3CZRU5H13NM706402--01.jpg?ver=1677194177,https://photos.dealerimagepro.com/lib/auto-1-llc-2544/02.23.2023/USED/%28Honda%20-%20HR-V%293CZRU5H13NM706402/3CZRU5H13NM706402--04.jpg?ver=1677194177,https://photos.dealerimagepro.com/lib/auto-1-llc-2544/02.23.2023/USED/%28Honda%20-%20HR-V%293CZRU5H13NM706402/3CZRU5H13NM706402--01.jpg?ver=1677194177,https://photos.dealerimagepro.com/lib/auto-1-llc-2544/02.23.2023/USED/%28Honda%20-%20HR-V%293CZRU5H13NM706402/3CZRU5H1",,https://auto1pr.com/car.php?id=71
75,AUTO1PR,Sedan,KMHLL4AG2NU312467,KMHLL4AG2NU312467,2022,hyundai,elantra,Sedan,,,4,GRI,BLK,2,"2.0-L L-4 DOHC 16V",Automatic,"13,112",24995,"Used Car",,2023-05-17,,"13,112",,"https://photos.dealerimagepro.com/lib/auto-1-llc-2544/02.24.2023/USED/%28Hyundai%20-%20ELANTRA%29KMHLL4AG2NU312467/KMHLL4AG2NU312467--33.jpg?ver=1677309031,https://photos.dealerimagepro.com/lib/auto-1-llc-2544/02.24.2023/USED/%28Hyundai%20-%20ELANTRA%29KMHLL4AG2NU312467/KMHLL4AG2NU312467--01.jpg?ver=1677309031,https://photos.dealerimagepro.com/lib/auto-1-llc-2544/02.24.2023/USED/%28Hyundai%20-%20ELANTRA%29KMHLL4AG2NU312467/KMHLL4AG2NU312467--04.jpg?ver=1677309031,https://photos.dealerimagepro.com/lib/auto-1-llc-2544/02.24.2023/USED/%28Hyundai%20-%20ELANTRA%29KMHLL4AG2NU312467/KMHLL4AG2NU312467--01.jpg?ver=1677309031,https://photos.dealerimagepro.com/lib/auto-1-llc-2544/02.24.2023/USED/%28Hyundai%20-%20ELANTRA%29KMHLL4AG2NU312467/KMHLL4AG2NU312467--10.jpg?ver=1677309031,https://photos.dealerimagepro.com/lib/auto-1-llc-2544/02.24.2023/USED/%28Hyundai%20-%20ELANTRA%29KMHLL4AG2NU312467/KMHLL4AG2NU312467--01.jpg?ver=1677309031,https://photos.dealerimagepro.com/lib/auto-1-llc-2544/02.24.2023/USED/%28Hyundai%20-%20E",,https://auto1pr.com/car.php?id=75
77,AUTO1PR,"Sport Utility Vehicle",1C4PJLLB6MD227475,1C4PJLLB6MD227475,2021,jeep,cherokee,"Sport Utility Vehicle",,,4,GRI,BLK,2.4,"2.4-L L-4 DOHC 16V",Automatic,33282,31995,"Used Car",,2023-05-17,,33282,,"https://photos.dealerimagepro.com/lib/auto-1-llc-2544/02.24.2023/USED/%28Jeep%20-%20Cherokee%291C4PJLLB6MD227475/1C4PJLLB6MD227475--15.jpg?ver=1677301308,https://photos.dealerimagepro.com/lib/auto-1-llc-2544/02.24.2023/USED/%28Jeep%20-%20Cherokee%291C4PJLLB6MD227475/1C4PJLLB6MD227475--01.jpg?ver=1677301308,https://photos.dealerimagepro.com/lib/auto-1-llc-2544/02.24.2023/USED/%28Jeep%20-%20Cherokee%291C4PJLLB6MD227475/1C4PJLLB6MD227475--20.jpg?ver=1677301308,https://photos.dealerimagepro.com/lib/auto-1-llc-2544/02.24.2023/USED/%28Jeep%20-%20Cherokee%291C4PJLLB6MD227475/1C4PJLLB6MD227475--01.jpg?ver=1677301308,https://photos.dealerimagepro.com/lib/auto-1-llc-2544/02.24.2023/USED/%28Jeep%20-%20Cherokee%291C4PJLLB6MD227475/1C4PJLLB6MD227475--25.jpg?ver=1677301308,https://photos.dealerimagepro.com/lib/auto-1-llc-2544/02.24.2023/USED/%28Jeep%20-%20Cherokee%291C4PJLLB6MD227475/1C4PJLLB6MD227475--01.jpg?ver=1677301308,https://photos.dealerimagepro.com/lib/auto-1-llc-2544/02.24.2023/USED/%28Jeep%20-%20Cherokee%291C4PJ",,https://auto1pr.com/car.php?id=77
81,AUTO1PR,"Sport Utility Vehicle",JA4J3UA85NZ018644,JA4J3UA85NZ018644,2022,mitsubishi,outlander,"Sport Utility Vehicle",,,4,BLUE,BLK,2.4,"2.4-L L-4 DOHC 16V","Continuously Variable Transmission CVT","16,325",37995,"Used Car",,2023-05-17,,"16,325",,"https://photos.dealerimagepro.com/lib/auto-1-llc-2544/03.24.2023/USED/%28Mitsubishi%20-%20Outlander%29JA4J3UA85NZ018644/JA4J3UA85NZ018644--34.jpg?ver=1679669836,https://photos.dealerimagepro.com/lib/auto-1-llc-2544/03.24.2023/USED/%28Mitsubishi%20-%20Outlander%29JA4J3UA85NZ018644/JA4J3UA85NZ018644--01.jpg?ver=1679669836,https://photos.dealerimagepro.com/lib/auto-1-llc-2544/03.24.2023/USED/%28Mitsubishi%20-%20Outlander%29JA4J3UA85NZ018644/JA4J3UA85NZ018644--04.jpg?ver=1679669836,https://photos.dealerimagepro.com/lib/auto-1-llc-2544/03.24.2023/USED/%28Mitsubishi%20-%20Outlander%29JA4J3UA85NZ018644/JA4J3UA85NZ018644--01.jpg?ver=1679669836,https://photos.dealerimagepro.com/lib/auto-1-llc-2544/03.24.2023/USED/%28Mitsubishi%20-%20Outlander%29JA4J3UA85NZ018644/JA4J3UA85NZ018644--10.jpg?ver=1679669836,https://photos.dealerimagepro.com/lib/auto-1-llc-2544/03.24.2023/USED/%28Mitsubishi%20-%20Outlander%29JA4J3UA85NZ018644/JA4J3UA85NZ018644--01.jpg?ver=1679669836,https://photos.dealerimagepro.com/lib/auto-1-llc-2544/03.2",,https://auto1pr.com/car.php?id=81
82,AUTO1PR,"Sport Utility Vehicle",JA4J3UA85NZ026548,JA4J3UA85NZ026548,2022,mitsubishi,outlander,"Sport Utility Vehicle",,,4,,,2.4,"2.4-L L-4 DOHC 16V","Continuously Variable Transmission CVT","30,092",35995,"Used Car",,2023-05-17,,"30,092",,"https://photos.dealerimagepro.com/lib/auto-1-llc-2544/03.03.2023/USED/%28Mitsubishi%20-%20Outlander%29JA4J3UA85NZ026548/JA4J3UA85NZ026548--18.jpg?ver=1680793105,https://photos.dealerimagepro.com/lib/auto-1-llc-2544/03.03.2023/USED/%28Mitsubishi%20-%20Outlander%29JA4J3UA85NZ026548/JA4J3UA85NZ026548--01.jpg?ver=1680793105,https://photos.dealerimagepro.com/lib/auto-1-llc-2544/03.03.2023/USED/%28Mitsubishi%20-%20Outlander%29JA4J3UA85NZ026548/JA4J3UA85NZ026548--23.jpg?ver=1680793105,https://photos.dealerimagepro.com/lib/auto-1-llc-2544/03.03.2023/USED/%28Mitsubishi%20-%20Outlander%29JA4J3UA85NZ026548/JA4J3UA85NZ026548--01.jpg?ver=1680793105,https://photos.dealerimagepro.com/lib/auto-1-llc-2544/03.03.2023/USED/%28Mitsubishi%20-%20Outlander%29JA4J3UA85NZ026548/JA4J3UA85NZ026548--05.jpg?ver=1680793105,https://photos.dealerimagepro.com/lib/auto-1-llc-2544/03.03.2023/USED/%28Mitsubishi%20-%20Outlander%29JA4J3UA85NZ026548/JA4J3UA85NZ026548--01.jpg?ver=1680793105,https://photos.dealerimagepro.com/lib/auto-1-llc-2544/03.0",,https://auto1pr.com/car.php?id=82
86,AUTO1PR,"Sport Utility Vehicle",JN1BJ1BV6MW316156,JN1BJ1BV6MW316156,2021,nissan,"rogue sport","Sport Utility Vehicle",,,4,BLUE,BLK,2,"2.0-L L-4 DOHC 16V","Continuously Variable Transmission CVT","5,593",28995,"Used Car",,2023-05-17,,"5,593",,"https://photos.dealerimagepro.com/lib/auto-1-llc-2544/02.23.2023/USED/%28Nissan%20-%20Rogue%20Sport%29JN1BJ1BV6MW316156/JN1BJ1BV6MW316156--16.jpg?ver=1677168425,https://photos.dealerimagepro.com/lib/auto-1-llc-2544/02.23.2023/USED/%28Nissan%20-%20Rogue%20Sport%29JN1BJ1BV6MW316156/JN1BJ1BV6MW316156--01.jpg?ver=1677168425,https://photos.dealerimagepro.com/lib/auto-1-llc-2544/02.23.2023/USED/%28Nissan%20-%20Rogue%20Sport%29JN1BJ1BV6MW316156/JN1BJ1BV6MW316156--21.jpg?ver=1677168425,https://photos.dealerimagepro.com/lib/auto-1-llc-2544/02.23.2023/USED/%28Nissan%20-%20Rogue%20Sport%29JN1BJ1BV6MW316156/JN1BJ1BV6MW316156--01.jpg?ver=1677168425,https://photos.dealerimagepro.com/lib/auto-1-llc-2544/02.23.2023/USED/%28Nissan%20-%20Rogue%20Sport%29JN1BJ1BV6MW316156/JN1BJ1BV6MW316156--26.jpg?ver=1677168425,https://photos.dealerimagepro.com/lib/auto-1-llc-2544/02.23.2023/USED/%28Nissan%20-%20Rogue%20Sport%29JN1BJ1BV6MW316156/JN1BJ1BV6MW316156--01.jpg?ver=1677168425,https://photos.dealerimagepro.com/lib/auto-1-llc-2544/02.2",,https://auto1pr.com/car.php?id=86
88,AUTO1PR,Sedan,JTDDPMAE9MJ182103,JTDDPMAE9MJ182103,2021,toyota,corolla,Sedan,,,4,WHITE,BLK,1.8,"1.8-L L-4 DOHC 16V",Manual,"15,064",26995,"Used Car",,2023-05-17,,"15,064",,"https://photos.dealerimagepro.com/lib/auto-1-llc-2544/04.06.2023/USED/%28Toyota%20-%20Corolla%29JTDDPMAE9MJ182103/JTDDPMAE9MJ182103--03.jpg?ver=1680812686,https://photos.dealerimagepro.com/lib/auto-1-llc-2544/04.06.2023/USED/%28Toyota%20-%20Corolla%29JTDDPMAE9MJ182103/JTDDPMAE9MJ182103--01.jpg?ver=1680812686,https://photos.dealerimagepro.com/lib/auto-1-llc-2544/04.06.2023/USED/%28Toyota%20-%20Corolla%29JTDDPMAE9MJ182103/JTDDPMAE9MJ182103--08.jpg?ver=1680812686,https://photos.dealerimagepro.com/lib/auto-1-llc-2544/04.06.2023/USED/%28Toyota%20-%20Corolla%29JTDDPMAE9MJ182103/JTDDPMAE9MJ182103--01.jpg?ver=1680812686,https://photos.dealerimagepro.com/lib/auto-1-llc-2544/04.06.2023/USED/%28Toyota%20-%20Corolla%29JTDDPMAE9MJ182103/JTDDPMAE9MJ182103--13.jpg?ver=1680812686,https://photos.dealerimagepro.com/lib/auto-1-llc-2544/04.06.2023/USED/%28Toyota%20-%20Corolla%29JTDDPMAE9MJ182103/JTDDPMAE9MJ182103--01.jpg?ver=1680812686,https://photos.dealerimagepro.com/lib/auto-1-llc-2544/04.06.2023/USED/%28Toyota%20-%20Corolla%",,https://auto1pr.com/car.php?id=88
92,AUTO1PR,"Pickup Truck",1FTMF1CB6MKE29897,1FTMF1CB6MKE29897,2021,ford,f-150,"Pickup Truck",,,2,WHITE,BLK,3.3,"3.3-L V-6 DOHC 24V",Automatic,"12,001",33995,"Used Car",,2023-05-17,,"12,001",,"https://photos.dealerimagepro.com/lib/auto-1-llc-2544/02.28.2023/USED/%28Ford%20-%20F-150%291FTMF1CB6MKE29897/1FTMF1CB6MKE29897--06.jpg?ver=1680796618,https://photos.dealerimagepro.com/lib/auto-1-llc-2544/02.28.2023/USED/%28Ford%20-%20F-150%291FTMF1CB6MKE29897/1FTMF1CB6MKE29897--01.jpg?ver=1680796618,https://photos.dealerimagepro.com/lib/auto-1-llc-2544/02.28.2023/USED/%28Ford%20-%20F-150%291FTMF1CB6MKE29897/1FTMF1CB6MKE29897--11.jpg?ver=1680796618,https://photos.dealerimagepro.com/lib/auto-1-llc-2544/02.28.2023/USED/%28Ford%20-%20F-150%291FTMF1CB6MKE29897/1FTMF1CB6MKE29897--01.jpg?ver=1680796618,https://photos.dealerimagepro.com/lib/auto-1-llc-2544/02.28.2023/USED/%28Ford%20-%20F-150%291FTMF1CB6MKE29897/1FTMF1CB6MKE29897--17.jpg?ver=1680796618,https://photos.dealerimagepro.com/lib/auto-1-llc-2544/02.28.2023/USED/%28Ford%20-%20F-150%291FTMF1CB6MKE29897/1FTMF1CB6MKE29897--01.jpg?ver=1680796618,https://photos.dealerimagepro.com/lib/auto-1-llc-2544/02.28.2023/USED/%28Ford%20-%20F-150%291FTMF1CB6MKE29897/1FTMF1CB",,https://auto1pr.com/car.php?id=92
95,AUTO1PR,"Sport Utility Vehicle",5J6RW1H23ML003152,5J6RW1H23ML003152,2021,honda,cr-v,"Sport Utility Vehicle",,,4,GRC,BLK,2.4,"2.4-L L-4 DOHC 16V","Continuously Variable Transmission CVT","23,746",31995,"Used Car",,2023-05-17,,"23,746",,"https://photos.dealerimagepro.com/lib/auto-1-llc-2544/03.08.2023/USED/%28Honda%20-%20CR-V%295J6RW1H23ML003152/5J6RW1H23ML003152--04.jpg?ver=1678301991,https://photos.dealerimagepro.com/lib/auto-1-llc-2544/03.08.2023/USED/%28Honda%20-%20CR-V%295J6RW1H23ML003152/5J6RW1H23ML003152--01.jpg?ver=1678301991,https://photos.dealerimagepro.com/lib/auto-1-llc-2544/03.08.2023/USED/%28Honda%20-%20CR-V%295J6RW1H23ML003152/5J6RW1H23ML003152--09.jpg?ver=1678301991,https://photos.dealerimagepro.com/lib/auto-1-llc-2544/03.08.2023/USED/%28Honda%20-%20CR-V%295J6RW1H23ML003152/5J6RW1H23ML003152--01.jpg?ver=1678301991,https://photos.dealerimagepro.com/lib/auto-1-llc-2544/03.08.2023/USED/%28Honda%20-%20CR-V%295J6RW1H23ML003152/5J6RW1H23ML003152--15.jpg?ver=1678301991,https://photos.dealerimagepro.com/lib/auto-1-llc-2544/03.08.2023/USED/%28Honda%20-%20CR-V%295J6RW1H23ML003152/5J6RW1H23ML003152--01.jpg?ver=1678301991,https://photos.dealerimagepro.com/lib/auto-1-llc-2544/03.08.2023/USED/%28Honda%20-%20CR-V%295J6RW1H23ML003152/5J6RW1H2",,https://auto1pr.com/car.php?id=95
96,AUTO1PR,Sedan,5NPEJ4J23NH144758,5NPEJ4J23NH144758,2022,hyundai,sonata,Sedan,,,4,CHR,BLK,1.6,"1.6-L L-4 DOHC 16V",Automatic,"8,867",32995,"Used Car",,2023-05-17,,"8,867",,,,https://auto1pr.com/car.php?id=96
106,AUTO1PR,Sedan,JTND4RBE7L3079605,JTND4RBE7L3079605,2020,toyota,corolla,Sedan,,,4,GREY,BLK,2,"2.0-L L-4 DOHC 16V","Automatic/CVT w/OD",44214,23995,"Used Car",,2023-05-17,,44214,,"https://photos.dealerimagepro.com/lib/auto-1-llc-2544/04.21.2023/USED/%28Toyota%20-%20Corolla%20Hatchback%29JTND4RBE7L3079605/JTND4RBE7L3079605--05.jpg?ver=1682312699,https://photos.dealerimagepro.com/lib/auto-1-llc-2544/04.21.2023/USED/%28Toyota%20-%20Corolla%20Hatchback%29JTND4RBE7L3079605/JTND4RBE7L3079605--01.jpg?ver=1682312699,https://photos.dealerimagepro.com/lib/auto-1-llc-2544/04.21.2023/USED/%28Toyota%20-%20Corolla%20Hatchback%29JTND4RBE7L3079605/JTND4RBE7L3079605--10.jpg?ver=1682312699,https://photos.dealerimagepro.com/lib/auto-1-llc-2544/04.21.2023/USED/%28Toyota%20-%20Corolla%20Hatchback%29JTND4RBE7L3079605/JTND4RBE7L3079605--01.jpg?ver=1682312699,https://photos.dealerimagepro.com/lib/auto-1-llc-2544/04.21.2023/USED/%28Toyota%20-%20Corolla%20Hatchback%29JTND4RBE7L3079605/JTND4RBE7L3079605--16.jpg?ver=1682312699,https://photos.dealerimagepro.com/lib/auto-1-llc-2544/04.21.2023/USED/%28Toyota%20-%20Corolla%20Hatchback%29JTND4RBE7L3079605/JTND4RBE7L3079605--01.jpg?ver=1682312699,https://photos.dealeri",,https://auto1pr.com/car.php?id=106
107,AUTO1PR,Sedan,JTDDPMAE5NJ215048,JTDDPMAE5NJ215048,2022,toyota,corolla,Sedan,,,4,BLUE,BLK,1.8,"1.8-L L-4 DOHC 16V","Continuously Variable Transmission CVT","10,848",27995,"Used Car",,2023-05-17,,"10,848",,"https://photos.dealerimagepro.com/lib/auto-1-llc-2544/03.21.2023/USED/%28Toyota%20-%20Corolla%29JTDDPMAE5NJ215048/JTDDPMAE5NJ215048--16.jpg?ver=1679425530,https://photos.dealerimagepro.com/lib/auto-1-llc-2544/03.21.2023/USED/%28Toyota%20-%20Corolla%29JTDDPMAE5NJ215048/JTDDPMAE5NJ215048--01.jpg?ver=1679425530,https://photos.dealerimagepro.com/lib/auto-1-llc-2544/03.21.2023/USED/%28Toyota%20-%20Corolla%29JTDDPMAE5NJ215048/JTDDPMAE5NJ215048--21.jpg?ver=1679425530,https://photos.dealerimagepro.com/lib/auto-1-llc-2544/03.21.2023/USED/%28Toyota%20-%20Corolla%29JTDDPMAE5NJ215048/JTDDPMAE5NJ215048--01.jpg?ver=1679425530,https://photos.dealerimagepro.com/lib/auto-1-llc-2544/03.21.2023/USED/%28Toyota%20-%20Corolla%29JTDDPMAE5NJ215048/JTDDPMAE5NJ215048--22.jpg?ver=1679425530,https://photos.dealerimagepro.com/lib/auto-1-llc-2544/03.21.2023/USED/%28Toyota%20-%20Corolla%29JTDDPMAE5NJ215048/JTDDPMAE5NJ215048--01.jpg?ver=1679425530,https://photos.dealerimagepro.com/lib/auto-1-llc-2544/03.21.2023/USED/%28Toyota%20-%20Corolla%",,https://auto1pr.com/car.php?id=107
111,AUTO1PR,Minivan,KNDMB5C19L6581559,KNDMB5C19L6581559,2020,kia,sedona,Minivan,,,4,GREY,BLK,3.3,"3.3-L V-6 DOHC 24V",Automatic,34239,27995,"Used Car",,2023-05-17,,34239,,"https://photos.dealerimagepro.com/lib/auto-1-llc-2544/04.28.2023/USED/%28Kia%20-%20Sedona%29KNDMB5C19L6581559/KNDMB5C19L6581559--23.jpg?ver=1682720071,https://photos.dealerimagepro.com/lib/auto-1-llc-2544/04.28.2023/USED/%28Kia%20-%20Sedona%29KNDMB5C19L6581559/KNDMB5C19L6581559--01.jpg?ver=1682720071,https://photos.dealerimagepro.com/lib/auto-1-llc-2544/04.28.2023/USED/%28Kia%20-%20Sedona%29KNDMB5C19L6581559/KNDMB5C19L6581559--28.jpg?ver=1682720071,https://photos.dealerimagepro.com/lib/auto-1-llc-2544/04.28.2023/USED/%28Kia%20-%20Sedona%29KNDMB5C19L6581559/KNDMB5C19L6581559--01.jpg?ver=1682720071,https://photos.dealerimagepro.com/lib/auto-1-llc-2544/04.28.2023/USED/%28Kia%20-%20Sedona%29KNDMB5C19L6581559/KNDMB5C19L6581559--04.jpg?ver=1682720071,https://photos.dealerimagepro.com/lib/auto-1-llc-2544/04.28.2023/USED/%28Kia%20-%20Sedona%29KNDMB5C19L6581559/KNDMB5C19L6581559--01.jpg?ver=1682720071,https://photos.dealerimagepro.com/lib/auto-1-llc-2544/04.28.2023/USED/%28Kia%20-%20Sedona%29KNDMB5C19L6581559/KNDMB5C1",,https://auto1pr.com/car.php?id=111
116,AUTO1PR,Sedan,KMHD84LF3LU055665,KMHD84LF3LU055665,2020,hyundai,elantra,Sedan,,,4,BLUE,BLK,1.8,"1.8-L L-4 DOHC 16V",Automatic,,20995,"Used Car",,2023-05-17,,,,"https://photos.dealerimagepro.com/lib/auto-1-llc-2544/03.07.2023/USED/%28Hyundai%20-%20ELANTRA%29KMHD84LF3LU055665/KMHD84LF3LU055665--32.jpg?ver=1678227053,https://photos.dealerimagepro.com/lib/auto-1-llc-2544/03.07.2023/USED/%28Hyundai%20-%20ELANTRA%29KMHD84LF3LU055665/KMHD84LF3LU055665--01.jpg?ver=1678227053,https://photos.dealerimagepro.com/lib/auto-1-llc-2544/03.07.2023/USED/%28Hyundai%20-%20ELANTRA%29KMHD84LF3LU055665/KMHD84LF3LU055665--05.jpg?ver=1678227053,https://photos.dealerimagepro.com/lib/auto-1-llc-2544/03.07.2023/USED/%28Hyundai%20-%20ELANTRA%29KMHD84LF3LU055665/KMHD84LF3LU055665--01.jpg?ver=1678227053,https://photos.dealerimagepro.com/lib/auto-1-llc-2544/03.07.2023/USED/%28Hyundai%20-%20ELANTRA%29KMHD84LF3LU055665/KMHD84LF3LU055665--11.jpg?ver=1678227053,https://photos.dealerimagepro.com/lib/auto-1-llc-2544/03.07.2023/USED/%28Hyundai%20-%20ELANTRA%29KMHD84LF3LU055665/KMHD84LF3LU055665--01.jpg?ver=1678227053,https://photos.dealerimagepro.com/lib/auto-1-llc-2544/03.07.2023/USED/%28Hyundai%20-%20E",,https://auto1pr.com/car.php?id=116
117,AUTO1PR,"Sport Utility Vehicle",1C4PJLCB9JD589182,1C4PJLCB9JD589182,2018,jeep,cherokee,"Sport Utility Vehicle",,,4,GREY,BLK,3.2,"3.2-L V-6 DOHC 24V",Automatic,"73,580",20995,"Used Car",,2023-05-17,,"73,580",,"https://photos.dealerimagepro.com/lib/auto-1-llc-2544/05.20.2023/USED/%28jeep%20-%20cherokee%291C4PJLCB9JD589182/1C4PJLCB9JD589182--15.jpg?ver=1684779285,https://photos.dealerimagepro.com/lib/auto-1-llc-2544/05.20.2023/USED/%28jeep%20-%20cherokee%291C4PJLCB9JD589182/1C4PJLCB9JD589182--01.jpg?ver=1684779285,https://photos.dealerimagepro.com/lib/auto-1-llc-2544/05.20.2023/USED/%28jeep%20-%20cherokee%291C4PJLCB9JD589182/1C4PJLCB9JD589182--20.jpg?ver=1684779285,https://photos.dealerimagepro.com/lib/auto-1-llc-2544/05.20.2023/USED/%28jeep%20-%20cherokee%291C4PJLCB9JD589182/1C4PJLCB9JD589182--01.jpg?ver=1684779285,https://photos.dealerimagepro.com/lib/auto-1-llc-2544/05.20.2023/USED/%28jeep%20-%20cherokee%291C4PJLCB9JD589182/1C4PJLCB9JD589182--25.jpg?ver=1684779285,https://photos.dealerimagepro.com/lib/auto-1-llc-2544/05.20.2023/USED/%28jeep%20-%20cherokee%291C4PJLCB9JD589182/1C4PJLCB9JD589182--01.jpg?ver=1684779285,https://photos.dealerimagepro.com/lib/auto-1-llc-2544/05.20.2023/USED/%28jeep%20-%20cherokee%291C4PJ",,https://auto1pr.com/car.php?id=117
120,AUTO1PR,"Sport Utility Vehicle",ML32FVFJ8NHF01351,ML32FVFJ8NHF01351,2022,mitsubishi,"mirage g4","Sport Utility Vehicle",,,4,BLA,BLK,1.2,MIVEC,,,18995,"Used Car",,2023-05-17,,,,"https://photos.dealerimagepro.com/lib/auto-1-llc-2544/04.13.2023/USED/%28Mitsubishi%20-%20Mirage%20G4%29ML32FVFJ8NHF01351/ML32FVFJ8NHF01351--11.jpg?ver=1681404269,https://photos.dealerimagepro.com/lib/auto-1-llc-2544/04.13.2023/USED/%28Mitsubishi%20-%20Mirage%20G4%29ML32FVFJ8NHF01351/ML32FVFJ8NHF01351--01.jpg?ver=1681404269,https://photos.dealerimagepro.com/lib/auto-1-llc-2544/04.13.2023/USED/%28Mitsubishi%20-%20Mirage%20G4%29ML32FVFJ8NHF01351/ML32FVFJ8NHF01351--32.jpg?ver=1681404269,https://photos.dealerimagepro.com/lib/auto-1-llc-2544/04.13.2023/USED/%28Mitsubishi%20-%20Mirage%20G4%29ML32FVFJ8NHF01351/ML32FVFJ8NHF01351--01.jpg?ver=1681404269,https://photos.dealerimagepro.com/lib/auto-1-llc-2544/04.13.2023/USED/%28Mitsubishi%20-%20Mirage%20G4%29ML32FVFJ8NHF01351/ML32FVFJ8NHF01351--17.jpg?ver=1681404269,https://photos.dealerimagepro.com/lib/auto-1-llc-2544/04.13.2023/USED/%28Mitsubishi%20-%20Mirage%20G4%29ML32FVFJ8NHF01351/ML32FVFJ8NHF01351--01.jpg?ver=1681404269,https://photos.dealerimagepro.com/lib/auto-1-l",,https://auto1pr.com/car.php?id=120
121,AUTO1PR,"Sport Utility Vehicle",ML32FVFJ9NHF03187,ML32FVFJ9NHF03187,2022,mitsubishi,"mirage g4","Sport Utility Vehicle",,,4,GRI,BLK,1.2,MIVEC,,"63,728",19995,"Used Car",,2023-05-17,,"63,728",,,,https://auto1pr.com/car.php?id=121
122,AUTO1PR,"Pickup Truck",1C6RR7KG1MS578223,1C6RR7KG1MS578223,2021,ram,"1500 classic","Pickup Truck",,,4,WHITE,BLK,5.7,"5.7-L V-8 OHV 16V",Automatic,12215,37995,"Used Car",,2023-05-17,,12215,,"https://photos.dealerimagepro.com/lib/auto-1-llc-2544/04.25.2023/USED/%28Ram%20-%201500%20Classic%291C6RR7KG1MS578223/1C6RR7KG1MS578223--33.jpg?ver=1682442190,https://photos.dealerimagepro.com/lib/auto-1-llc-2544/04.25.2023/USED/%28Ram%20-%201500%20Classic%291C6RR7KG1MS578223/1C6RR7KG1MS578223--01.jpg?ver=1682442190,https://photos.dealerimagepro.com/lib/auto-1-llc-2544/04.25.2023/USED/%28Ram%20-%201500%20Classic%291C6RR7KG1MS578223/1C6RR7KG1MS578223--14.jpg?ver=1682442190,https://photos.dealerimagepro.com/lib/auto-1-llc-2544/04.25.2023/USED/%28Ram%20-%201500%20Classic%291C6RR7KG1MS578223/1C6RR7KG1MS578223--01.jpg?ver=1682442190,https://photos.dealerimagepro.com/lib/auto-1-llc-2544/04.25.2023/USED/%28Ram%20-%201500%20Classic%291C6RR7KG1MS578223/1C6RR7KG1MS578223--19.jpg?ver=1682442190,https://photos.dealerimagepro.com/lib/auto-1-llc-2544/04.25.2023/USED/%28Ram%20-%201500%20Classic%291C6RR7KG1MS578223/1C6RR7KG1MS578223--01.jpg?ver=1682442190,https://photos.dealerimagepro.com/lib/auto-1-llc-2544/04.25.2023/USED/",,https://auto1pr.com/car.php?id=122
125,AUTO1PR,Sedan,3N1CN8DV2ML817100,3N1CN8DV2ML817100,2021,nissan,versa,Sedan,,,4,BLUE,BLK,1.6,"1.6-L L-4 DOHC 16V",CVT,45149,18995,"Used Car",,2023-05-17,,45149,,"https://photos.dealerimagepro.com/lib/auto-1-llc-2544/04.29.2023/USED/%28nissan%20-%20versa%293N1CN8DV2ML817100/3N1CN8DV2ML817100--16.jpg?ver=1682952669,https://photos.dealerimagepro.com/lib/auto-1-llc-2544/04.29.2023/USED/%28nissan%20-%20versa%293N1CN8DV2ML817100/3N1CN8DV2ML817100--01.jpg?ver=1682952669,https://photos.dealerimagepro.com/lib/auto-1-llc-2544/04.29.2023/USED/%28nissan%20-%20versa%293N1CN8DV2ML817100/3N1CN8DV2ML817100--21.jpg?ver=1682952669,https://photos.dealerimagepro.com/lib/auto-1-llc-2544/04.29.2023/USED/%28nissan%20-%20versa%293N1CN8DV2ML817100/3N1CN8DV2ML817100--01.jpg?ver=1682952669,https://photos.dealerimagepro.com/lib/auto-1-llc-2544/04.29.2023/USED/%28nissan%20-%20versa%293N1CN8DV2ML817100/3N1CN8DV2ML817100--02.jpg?ver=1682952669,https://photos.dealerimagepro.com/lib/auto-1-llc-2544/04.29.2023/USED/%28nissan%20-%20versa%293N1CN8DV2ML817100/3N1CN8DV2ML817100--01.jpg?ver=1682952669,https://photos.dealerimagepro.com/lib/auto-1-llc-2544/04.29.2023/USED/%28nissan%20-%20versa%293N1CN8DV2ML8",,https://auto1pr.com/car.php?id=125
126,AUTO1PR,Sedan,3KPA24AD6ME424674,3KPA24AD6ME424674,2021,kia,rio,Sedan,,,4,BLUE,BLK,1.6,"1.6-L L-4 DOHC 16V",Automatic,8545,20995,"Used Car",,2023-05-17,,8545,,"https://photos.dealerimagepro.com/lib/auto-1-llc-2544/05.19.2023/USED/%28kia%20-%20rio%293KPA24AD6ME424674/3KPA24AD6ME424674--07.jpg?ver=1684524908,https://photos.dealerimagepro.com/lib/auto-1-llc-2544/05.19.2023/USED/%28kia%20-%20rio%293KPA24AD6ME424674/3KPA24AD6ME424674--01.jpg?ver=1684524908,https://photos.dealerimagepro.com/lib/auto-1-llc-2544/05.19.2023/USED/%28kia%20-%20rio%293KPA24AD6ME424674/3KPA24AD6ME424674--12.jpg?ver=1684524908,https://photos.dealerimagepro.com/lib/auto-1-llc-2544/05.19.2023/USED/%28kia%20-%20rio%293KPA24AD6ME424674/3KPA24AD6ME424674--01.jpg?ver=1684524908,https://photos.dealerimagepro.com/lib/auto-1-llc-2544/05.19.2023/USED/%28kia%20-%20rio%293KPA24AD6ME424674/3KPA24AD6ME424674--18.jpg?ver=1684524908,https://photos.dealerimagepro.com/lib/auto-1-llc-2544/05.19.2023/USED/%28kia%20-%20rio%293KPA24AD6ME424674/3KPA24AD6ME424674--01.jpg?ver=1684524908,https://photos.dealerimagepro.com/lib/auto-1-llc-2544/05.19.2023/USED/%28kia%20-%20rio%293KPA24AD6ME424674/3KPA24AD6ME424674--23.jpg?ver",,https://auto1pr.com/car.php?id=126
135,AUTO1PR,Sedan,3KPA24AD5NE444416,3KPA24AD5NE444416,2022,kia,rio,Sedan,,,4,RED,BLK,1.6,"1.6-L L-4 DOHC 16V",Automatic,15974,23995,"Used Car",,2023-05-17,,15974,,"https://photos.dealerimagepro.com/lib/auto-1-llc-2544/05.19.2023/USED/%28kia%20-%20rio%293KPA24AD5NE444416/3KPA24AD5NE444416--06.jpg?ver=1684525246,https://photos.dealerimagepro.com/lib/auto-1-llc-2544/05.19.2023/USED/%28kia%20-%20rio%293KPA24AD5NE444416/3KPA24AD5NE444416--01.jpg?ver=1684525246,https://photos.dealerimagepro.com/lib/auto-1-llc-2544/05.19.2023/USED/%28kia%20-%20rio%293KPA24AD5NE444416/3KPA24AD5NE444416--11.jpg?ver=1684525246,https://photos.dealerimagepro.com/lib/auto-1-llc-2544/05.19.2023/USED/%28kia%20-%20rio%293KPA24AD5NE444416/3KPA24AD5NE444416--01.jpg?ver=1684525246,https://photos.dealerimagepro.com/lib/auto-1-llc-2544/05.19.2023/USED/%28kia%20-%20rio%293KPA24AD5NE444416/3KPA24AD5NE444416--17.jpg?ver=1684525246,https://photos.dealerimagepro.com/lib/auto-1-llc-2544/05.19.2023/USED/%28kia%20-%20rio%293KPA24AD5NE444416/3KPA24AD5NE444416--01.jpg?ver=1684525246,https://photos.dealerimagepro.com/lib/auto-1-llc-2544/05.19.2023/USED/%28kia%20-%20rio%293KPA24AD5NE444416/3KPA24AD5NE444416--22.jpg?ver",,https://auto1pr.com/car.php?id=135
136,AUTO1PR,"Sport Utility Vehicle",ML32FVFJ8NHF01799,ML32FVFJ8NHF01799,2022,mitsubishi,"mirage g4","Sport Utility Vehicle",,,4,WHITE,BLK,1.2,MIVEC,,15423,15995,"Used Car",,2023-05-17,,15423,,,,https://auto1pr.com/car.php?id=136
137,AUTO1PR,Sedan,3KPF24AD5NE444955,3KPF24AD5NE444955,2022,kia,forte,Sedan,,,4,BLACK,BLK,2,"2.0-L L-4 DOHC 16V",Manual,22158,25995,"Used Car",,2023-05-17,,22158,,"https://photos.dealerimagepro.com/lib/auto-1-llc-2544/05.16.2023/USED/%28kia%20-%20forte%293KPF24AD5NE444955/3KPF24AD5NE444955--27.jpg?ver=1684265833,https://photos.dealerimagepro.com/lib/auto-1-llc-2544/05.16.2023/USED/%28kia%20-%20forte%293KPF24AD5NE444955/3KPF24AD5NE444955--01.jpg?ver=1684265833,https://photos.dealerimagepro.com/lib/auto-1-llc-2544/05.16.2023/USED/%28kia%20-%20forte%293KPF24AD5NE444955/3KPF24AD5NE444955--33.jpg?ver=1684265833,https://photos.dealerimagepro.com/lib/auto-1-llc-2544/05.16.2023/USED/%28kia%20-%20forte%293KPF24AD5NE444955/3KPF24AD5NE444955--01.jpg?ver=1684265833,https://photos.dealerimagepro.com/lib/auto-1-llc-2544/05.16.2023/USED/%28kia%20-%20forte%293KPF24AD5NE444955/3KPF24AD5NE444955--04.jpg?ver=1684265833,https://photos.dealerimagepro.com/lib/auto-1-llc-2544/05.16.2023/USED/%28kia%20-%20forte%293KPF24AD5NE444955/3KPF24AD5NE444955--01.jpg?ver=1684265833,https://photos.dealerimagepro.com/lib/auto-1-llc-2544/05.16.2023/USED/%28kia%20-%20forte%293KPF24AD5NE444955/3KPF24AD5NE4449",,https://auto1pr.com/car.php?id=137
143,AUTO1PR,Van,3N6CM0KN0MK703166,3N6CM0KN0MK703166,2021,nissan,nv200,Van,,,,Blanco,BLK,2,"2.0-L L-4 DOHC 16V","Continuously Variable Transmission CVT",53102,31995,"Used Car",,1969-12-31,,53102,,"https://photos.dealerimagepro.com/lib/auto-1-llc-2544/05.31.2023/USED/%28nissan%20-%20nv200%293N6CM0KN0MK703166%282%29/3N6CM0KN0MK703166--18.jpg?ver=1685620030,https://photos.dealerimagepro.com/lib/auto-1-llc-2544/05.31.2023/USED/%28nissan%20-%20nv200%293N6CM0KN0MK703166%282%29/3N6CM0KN0MK703166--01.jpg?ver=1685620030,https://photos.dealerimagepro.com/lib/auto-1-llc-2544/05.31.2023/USED/%28nissan%20-%20nv200%293N6CM0KN0MK703166%282%29/3N6CM0KN0MK703166--24.jpg?ver=1685620030,https://photos.dealerimagepro.com/lib/auto-1-llc-2544/05.31.2023/USED/%28nissan%20-%20nv200%293N6CM0KN0MK703166%282%29/3N6CM0KN0MK703166--01.jpg?ver=1685620030,https://photos.dealerimagepro.com/lib/auto-1-llc-2544/05.31.2023/USED/%28nissan%20-%20nv200%293N6CM0KN0MK703166%282%29/3N6CM0KN0MK703166--25.jpg?ver=1685620030,https://photos.dealerimagepro.com/lib/auto-1-llc-2544/05.31.2023/USED/%28nissan%20-%20nv200%293N6CM0KN0MK703166%282%29/3N6CM0KN0MK703166--01.jpg?ver=1685620030,https://photos.dealerimagepro.com/lib/auto-1-llc-2544/05.31.2023",,https://auto1pr.com/car.php?id=143
145,AUTO1PR,"Sport Utility Vehicle",JA4APVAU4NU018638,JA4APVAU4NU018638,2022,mitsubishi,"outlander sport","Sport Utility Vehicle",,,4,Azul,BLK,2,"2.0-L L-4 DOHC 16V",CVT,12606,25995,"Used Car",,1969-12-31,,12606,,"https://photos.dealerimagepro.com/lib/auto-1-llc-2544/06.02.2023/USED/%28mitsubishi%20-%20outlander%20sport%29JA4APVAU4NU018638%282%29/JA4APVAU4NU018638--26.jpg?ver=1685733543,https://photos.dealerimagepro.com/lib/auto-1-llc-2544/06.02.2023/USED/%28mitsubishi%20-%20outlander%20sport%29JA4APVAU4NU018638%282%29/JA4APVAU4NU018638--01.jpg?ver=1685733543,https://photos.dealerimagepro.com/lib/auto-1-llc-2544/06.02.2023/USED/%28mitsubishi%20-%20outlander%20sport%29JA4APVAU4NU018638%282%29/JA4APVAU4NU018638--32.jpg?ver=1685733543,https://photos.dealerimagepro.com/lib/auto-1-llc-2544/06.02.2023/USED/%28mitsubishi%20-%20outlander%20sport%29JA4APVAU4NU018638%282%29/JA4APVAU4NU018638--01.jpg?ver=1685733543,https://photos.dealerimagepro.com/lib/auto-1-llc-2544/06.02.2023/USED/%28mitsubishi%20-%20outlander%20sport%29JA4APVAU4NU018638%282%29/JA4APVAU4NU018638--06.jpg?ver=1685733543,https://photos.dealerimagepro.com/lib/auto-1-llc-2544/06.02.2023/USED/%28mitsubishi%20-%20outlander%20sport%29JA4APVAU4NU018638%282%29/JA4APVAU4",,https://auto1pr.com/car.php?id=145
152,AUTO1PR,Hatchback,3N1CP5CV7PL470622,3N1CP5CV7PL470622,2023,nissan,kicks,Hatchback,,,4,BLACK,BLK,1.6,"1.6-L L-4",,5436,27995,"Used Car",,1969-12-31,,5436,,"https://photos.dealerimagepro.com/lib/auto-1-llc-2544/06.09.2023/USED/%28nissan%20-%20kicks%293N1CP5CV7PL470622/3N1CP5CV7PL470622--17.jpg?ver=1686602322,https://photos.dealerimagepro.com/lib/auto-1-llc-2544/06.09.2023/USED/%28nissan%20-%20kicks%293N1CP5CV7PL470622/3N1CP5CV7PL470622--01.jpg?ver=1686602322,https://photos.dealerimagepro.com/lib/auto-1-llc-2544/06.09.2023/USED/%28nissan%20-%20kicks%293N1CP5CV7PL470622/3N1CP5CV7PL470622--22.jpg?ver=1686602322,https://photos.dealerimagepro.com/lib/auto-1-llc-2544/06.09.2023/USED/%28nissan%20-%20kicks%293N1CP5CV7PL470622/3N1CP5CV7PL470622--01.jpg?ver=1686602322,https://photos.dealerimagepro.com/lib/auto-1-llc-2544/06.09.2023/USED/%28nissan%20-%20kicks%293N1CP5CV7PL470622/3N1CP5CV7PL470622--27.jpg?ver=1686602322,https://photos.dealerimagepro.com/lib/auto-1-llc-2544/06.09.2023/USED/%28nissan%20-%20kicks%293N1CP5CV7PL470622/3N1CP5CV7PL470622--01.jpg?ver=1686602322,https://photos.dealerimagepro.com/lib/auto-1-llc-2544/06.09.2023/USED/%28nissan%20-%20kicks%293N1CP5CV7PL4",,https://auto1pr.com/car.php?id=152
153,AUTO1PR,Hatchback,MAJ6S3GL4NC462501,MAJ6S3GL4NC462501,2022,ford,ecosport,Hatchback,,,4,GREY,BLK,2,"2.0-L L-4 DOHC 16V",Automatic,12825,24995,"Used Car",,1969-12-31,,12825,,,,https://auto1pr.com/car.php?id=153
156,AUTO1PR,Wagon,KNDJ23AU1N7832382,KNDJ23AU1N7832382,2022,kia,soul,Wagon,,,4,AZUL,BLK,2,"2.0-L L-4 DOHC 16V",CVT,24720,25995,"Used Car",,1969-12-31,,24720,,"https://photos.dealerimagepro.com/lib/auto-1-llc-2544/06.16.2023/USED/%28kia%20-%20soul%29KNDJ23AU1N7832382/KNDJ23AU1N7832382--21.jpg?ver=1686930506,https://photos.dealerimagepro.com/lib/auto-1-llc-2544/06.16.2023/USED/%28kia%20-%20soul%29KNDJ23AU1N7832382/KNDJ23AU1N7832382--01.jpg?ver=1686930506,https://photos.dealerimagepro.com/lib/auto-1-llc-2544/06.16.2023/USED/%28kia%20-%20soul%29KNDJ23AU1N7832382/KNDJ23AU1N7832382--26.jpg?ver=1686930506,https://photos.dealerimagepro.com/lib/auto-1-llc-2544/06.16.2023/USED/%28kia%20-%20soul%29KNDJ23AU1N7832382/KNDJ23AU1N7832382--01.jpg?ver=1686930506,https://photos.dealerimagepro.com/lib/auto-1-llc-2544/06.16.2023/USED/%28kia%20-%20soul%29KNDJ23AU1N7832382/KNDJ23AU1N7832382--32.jpg?ver=1686930506,https://photos.dealerimagepro.com/lib/auto-1-llc-2544/06.16.2023/USED/%28kia%20-%20soul%29KNDJ23AU1N7832382/KNDJ23AU1N7832382--01.jpg?ver=1686930506,https://photos.dealerimagepro.com/lib/auto-1-llc-2544/06.16.2023/USED/%28kia%20-%20soul%29KNDJ23AU1N7832382/KNDJ23AU1N7832382--03.",,https://auto1pr.com/car.php?id=156
159,AUTO1PR,"Pickup Truck Truck",3FTTW8E91NRA46882,3FTTW8E91NRA46882,2022,ford,maverick,"Pickup Truck Truck",,,4,BLANCO,BLK,2.5,"2.5-L L-4 DOHC 16V",Automatic,12527,30995,"Used Car",,1969-12-31,,12527,,,,https://auto1pr.com/car.php?id=159
160,AUTO1PR,"Sport Utility Vehicle",1FMEE5DP7NLB00903,1FMEE5DP7NLB00903,2022,ford,bronco,"Sport Utility Vehicle",,,4,AZUL,BLK,2.7,"2.7-L V-6 DOHC 24V",Manual,5077,59995,"Used Car",,1969-12-31,,5077,,"https://photos.dealerimagepro.com/lib/auto-1-llc-2544/06.16.2023/USED/%28ford%20-%20bronco%291FMEE5DP7NLB00903/1FMEE5DP7NLB00903--36.jpg?ver=1686950640,https://photos.dealerimagepro.com/lib/auto-1-llc-2544/06.16.2023/USED/%28ford%20-%20bronco%291FMEE5DP7NLB00903/1FMEE5DP7NLB00903--01.jpg?ver=1686950640,https://photos.dealerimagepro.com/lib/auto-1-llc-2544/06.16.2023/USED/%28ford%20-%20bronco%291FMEE5DP7NLB00903/1FMEE5DP7NLB00903--05.jpg?ver=1686950640,https://photos.dealerimagepro.com/lib/auto-1-llc-2544/06.16.2023/USED/%28ford%20-%20bronco%291FMEE5DP7NLB00903/1FMEE5DP7NLB00903--01.jpg?ver=1686950640,https://photos.dealerimagepro.com/lib/auto-1-llc-2544/06.16.2023/USED/%28ford%20-%20bronco%291FMEE5DP7NLB00903/1FMEE5DP7NLB00903--10.jpg?ver=1686950640,https://photos.dealerimagepro.com/lib/auto-1-llc-2544/06.16.2023/USED/%28ford%20-%20bronco%291FMEE5DP7NLB00903/1FMEE5DP7NLB00903--01.jpg?ver=1686950640,https://photos.dealerimagepro.com/lib/auto-1-llc-2544/06.16.2023/USED/%28ford%20-%20bronco%291FMEE5DP7NLB00903/1",,https://auto1pr.com/car.php?id=160
161,AUTO1PR,"Pickup Truck Truck",5TFRX5GN0LX165625,5TFRX5GN0LX165625,2020,toyota,tacoma,"Pickup Truck Truck",,,2,GRIS,BLK,2.7,"2.7-L L-4 DOHC 16V",Automatic,28948,29995,"Used Car",,1969-12-31,,28948,,"https://photos.dealerimagepro.com/lib/auto-1-llc-2544/06.24.2023/USED/%28toyota%20-%20tacoma%295TFRX5GN0LX165625%282%29/5TFRX5GN0LX165625--24.jpg?ver=1687639581,https://photos.dealerimagepro.com/lib/auto-1-llc-2544/06.24.2023/USED/%28toyota%20-%20tacoma%295TFRX5GN0LX165625%282%29/5TFRX5GN0LX165625--01.jpg?ver=1687639581,https://photos.dealerimagepro.com/lib/auto-1-llc-2544/06.24.2023/USED/%28toyota%20-%20tacoma%295TFRX5GN0LX165625%282%29/5TFRX5GN0LX165625--06.jpg?ver=1687639581,https://photos.dealerimagepro.com/lib/auto-1-llc-2544/06.24.2023/USED/%28toyota%20-%20tacoma%295TFRX5GN0LX165625%282%29/5TFRX5GN0LX165625--01.jpg?ver=1687639581,https://photos.dealerimagepro.com/lib/auto-1-llc-2544/06.24.2023/USED/%28toyota%20-%20tacoma%295TFRX5GN0LX165625%282%29/5TFRX5GN0LX165625--11.jpg?ver=1687639581,https://photos.dealerimagepro.com/lib/auto-1-llc-2544/06.24.2023/USED/%28toyota%20-%20tacoma%295TFRX5GN0LX165625%282%29/5TFRX5GN0LX165625--01.jpg?ver=1687639581,https://photos.dealerimagepro.com/lib/auto-1-llc-2544/06.2",,https://auto1pr.com/car.php?id=161
162,AUTO1PR,"Pickup Truck Truck",1N6AD0EV2KN725132,1N6AD0EV2KN725132,2019,nissan,frontier,"Pickup Truck Truck",,,4,NEGRO,BLK,4,"4.0-L V-6 DOHC 24V FFV",Automatic,41697,29995,"Used Car",,1969-12-31,,41697,,"https://photos.dealerimagepro.com/lib/auto-1-llc-2544/06.17.2023/USED/%28nissan%20-%20frontier%291N6AD0EV2KN725132%282%29/1N6AD0EV2KN725132--07.jpg?ver=1687045831,https://photos.dealerimagepro.com/lib/auto-1-llc-2544/06.17.2023/USED/%28nissan%20-%20frontier%291N6AD0EV2KN725132%282%29/1N6AD0EV2KN725132--02.jpg?ver=1687045831",,https://auto1pr.com/car.php?id=162
163,AUTO1PR,"Pickup Truck Truck",1N6ED1EK9NN625675,1N6ED1EK9NN625675,2022,nissan,frontier,"Pickup Truck Truck",,,4,BLANCO,BLK,3.8,"3.8-L V-6 DOHC 24V",Automatic,34573,39995,"Used Car",,1969-12-31,,34573,,,,https://auto1pr.com/car.php?id=163
164,AUTO1PR,"Sport Utility Vehicle",KNDEP2AA6N7318711,KNDEP2AA6N7318711,2022,kia,seltos,"Sport Utility Vehicle",,,4,AZUL,BLK,2,"2.0-L L-4 DOHC 16V","Auto-Shift Manual w/OD",26555,27995,"Used Car",,1969-12-31,,26555,,"https://photos.dealerimagepro.com/lib/auto-1-llc-2544/06.23.2023/USED/%28kia%20-%20seltos%29KNDEP2AA6N7318711%283%29/KNDEP2AA6N7318711--20.jpg?ver=1687536016,https://photos.dealerimagepro.com/lib/auto-1-llc-2544/06.23.2023/USED/%28kia%20-%20seltos%29KNDEP2AA6N7318711%283%29/KNDEP2AA6N7318711--01.jpg?ver=1687536016,https://photos.dealerimagepro.com/lib/auto-1-llc-2544/06.23.2023/USED/%28kia%20-%20seltos%29KNDEP2AA6N7318711%283%29/KNDEP2AA6N7318711--06.jpg?ver=1687536016,https://photos.dealerimagepro.com/lib/auto-1-llc-2544/06.23.2023/USED/%28kia%20-%20seltos%29KNDEP2AA6N7318711%283%29/KNDEP2AA6N7318711--01.jpg?ver=1687536016,https://photos.dealerimagepro.com/lib/auto-1-llc-2544/06.23.2023/USED/%28kia%20-%20seltos%29KNDEP2AA6N7318711%283%29/KNDEP2AA6N7318711--25.jpg?ver=1687536016,https://photos.dealerimagepro.com/lib/auto-1-llc-2544/06.23.2023/USED/%28kia%20-%20seltos%29KNDEP2AA6N7318711%283%29/KNDEP2AA6N7318711--01.jpg?ver=1687536016,https://photos.dealerimagepro.com/lib/auto-1-llc-2544/06.23.2023/USED/%28kia",,https://auto1pr.com/car.php?id=164
165,AUTO1PR,Van,NM0LS7E74M1504358,NM0LS7E74M1504358,2021,ford,"transit connect",Van,,,,CREMA,BLK,2.5,"2.5-L L-4 DOHC 16V",Automatic,51508,34995,"Used Car",,1969-12-31,,51508,,"https://photos.dealerimagepro.com/lib/auto-1-llc-2544/06.23.2023/USED/%28ford%20-%20transit%20connect%29NM0LS7E74M1504358%282%29/NM0LS7E74M1504358--33.jpg?ver=1687535701,https://photos.dealerimagepro.com/lib/auto-1-llc-2544/06.23.2023/USED/%28ford%20-%20transit%20connect%29NM0LS7E74M1504358%282%29/NM0LS7E74M1504358--01.jpg?ver=1687535701,https://photos.dealerimagepro.com/lib/auto-1-llc-2544/06.23.2023/USED/%28ford%20-%20transit%20connect%29NM0LS7E74M1504358%282%29/NM0LS7E74M1504358--04.jpg?ver=1687535701,https://photos.dealerimagepro.com/lib/auto-1-llc-2544/06.23.2023/USED/%28ford%20-%20transit%20connect%29NM0LS7E74M1504358%282%29/NM0LS7E74M1504358--01.jpg?ver=1687535701,https://photos.dealerimagepro.com/lib/auto-1-llc-2544/06.23.2023/USED/%28ford%20-%20transit%20connect%29NM0LS7E74M1504358%282%29/NM0LS7E74M1504358--09.jpg?ver=1687535701,https://photos.dealerimagepro.com/lib/auto-1-llc-2544/06.23.2023/USED/%28ford%20-%20transit%20connect%29NM0LS7E74M1504358%282%29/NM0LS7E74M1504358--01.jpg?ver=1687535701,http",,https://auto1pr.com/car.php?id=165
166,AUTO1PR,Sedan,3KPC24A65NE158642,3KPC24A65NE158642,2022,hyundai,accent,Sedan,,,4,AZUL,BLK,1.6,"1.6-L L-4 DOHC 16V",Automatic,,24995,"Used Car",,1969-12-31,,,,"https://photos.dealerimagepro.com/lib/auto-1-llc-2544/06.25.2023/USED/%28hyundai%20-%20accent%293KPC24A65NE158642/3KPC24A65NE158642--27.jpg?ver=1687755337,https://photos.dealerimagepro.com/lib/auto-1-llc-2544/06.25.2023/USED/%28hyundai%20-%20accent%293KPC24A65NE158642/3KPC24A65NE158642--01.jpg?ver=1687755337,https://photos.dealerimagepro.com/lib/auto-1-llc-2544/06.25.2023/USED/%28hyundai%20-%20accent%293KPC24A65NE158642/3KPC24A65NE158642--08.jpg?ver=1687755337,https://photos.dealerimagepro.com/lib/auto-1-llc-2544/06.25.2023/USED/%28hyundai%20-%20accent%293KPC24A65NE158642/3KPC24A65NE158642--01.jpg?ver=1687755337,https://photos.dealerimagepro.com/lib/auto-1-llc-2544/06.25.2023/USED/%28hyundai%20-%20accent%293KPC24A65NE158642/3KPC24A65NE158642--33.jpg?ver=1687755337,https://photos.dealerimagepro.com/lib/auto-1-llc-2544/06.25.2023/USED/%28hyundai%20-%20accent%293KPC24A65NE158642/3KPC24A65NE158642--01.jpg?ver=1687755337,https://photos.dealerimagepro.com/lib/auto-1-llc-2544/06.25.2023/USED/%28hyundai%20-%20accent%",,https://auto1pr.com/car.php?id=166
167,AUTO1PR,Hatchback,ML32AUHJ1MH000285,ML32AUHJ1MH000285,2021,mitsubishi,mirage,Hatchback,,,5,ROJO,BLK,1.2,"1.2-L L-3 DOHC",CVT,7798,16995,"Used Car",,1969-12-31,,7798,,"https://photos.dealerimagepro.com/lib/auto-1-llc-2544/06.25.2023/USED/%28mitsubishi%20-%20mirage%29ML32AUHJ1MH000285/ML32AUHJ1MH000285--10.jpg?ver=1687787169,https://photos.dealerimagepro.com/lib/auto-1-llc-2544/06.25.2023/USED/%28mitsubishi%20-%20mirage%29ML32AUHJ1MH000285/ML32AUHJ1MH000285--01.jpg?ver=1687787169,https://photos.dealerimagepro.com/lib/auto-1-llc-2544/06.25.2023/USED/%28mitsubishi%20-%20mirage%29ML32AUHJ1MH000285/ML32AUHJ1MH000285--16.jpg?ver=1687787169,https://photos.dealerimagepro.com/lib/auto-1-llc-2544/06.25.2023/USED/%28mitsubishi%20-%20mirage%29ML32AUHJ1MH000285/ML32AUHJ1MH000285--01.jpg?ver=1687787169,https://photos.dealerimagepro.com/lib/auto-1-llc-2544/06.25.2023/USED/%28mitsubishi%20-%20mirage%29ML32AUHJ1MH000285/ML32AUHJ1MH000285--21.jpg?ver=1687787169,https://photos.dealerimagepro.com/lib/auto-1-llc-2544/06.25.2023/USED/%28mitsubishi%20-%20mirage%29ML32AUHJ1MH000285/ML32AUHJ1MH000285--01.jpg?ver=1687787169,https://photos.dealerimagepro.com/lib/auto-1-llc-2544/06.25.2023/USED/%28mit",,https://auto1pr.com/car.php?id=167
170,AUTO1PR,Hatchback,3MDDJBBV0KM313409,3MDDJBBV0KM313409,2019,mazda,mazda2,Hatchback,,,4,GRIS,BLK,1.5,"1.5-L L-4 DOHC 16V",Automatic,11965,17995,"Used Car",,1969-12-31,,11965,,,,https://auto1pr.com/car.php?id=170
171,AUTO1PR,"Sport Utility Vehicle",3C4NJCBBXNT167088,3C4NJCBBXNT167088,2022,jeep,compass,"Sport Utility Vehicle",,,4,BLK,BLK,2.4,"2.4-L L-4 DOHC 16V",Manual,2362,28995,"Used Car",,1969-12-31,,2362,,"https://photos.dealerimagepro.com/lib/auto-1-llc-2544/06.24.2023/USED/%28jeep%20-%20compass%293C4NJCBBXNT167088%282%29/3C4NJCBBXNT167088--22.jpg?ver=1687802214,https://photos.dealerimagepro.com/lib/auto-1-llc-2544/06.24.2023/USED/%28jeep%20-%20compass%293C4NJCBBXNT167088%282%29/3C4NJCBBXNT167088--01.jpg?ver=1687802214,https://photos.dealerimagepro.com/lib/auto-1-llc-2544/06.24.2023/USED/%28jeep%20-%20compass%293C4NJCBBXNT167088%282%29/3C4NJCBBXNT167088--27.jpg?ver=1687802214,https://photos.dealerimagepro.com/lib/auto-1-llc-2544/06.24.2023/USED/%28jeep%20-%20compass%293C4NJCBBXNT167088%282%29/3C4NJCBBXNT167088--01.jpg?ver=1687802214,https://photos.dealerimagepro.com/lib/auto-1-llc-2544/06.24.2023/USED/%28jeep%20-%20compass%293C4NJCBBXNT167088%282%29/3C4NJCBBXNT167088--33.jpg?ver=1687802214,https://photos.dealerimagepro.com/lib/auto-1-llc-2544/06.24.2023/USED/%28jeep%20-%20compass%293C4NJCBBXNT167088%282%29/3C4NJCBBXNT167088--01.jpg?ver=1687802214,https://photos.dealerimagepro.com/lib/auto-1-llc-2544/06.24.2023",,https://auto1pr.com/car.php?id=171
172,AUTO1PR,"Sport Utility Vehicle",3C4NJCBB4NT113110,3C4NJCBB4NT113110,2022,jeep,compass,"Sport Utility Vehicle",,,4,Azul,BLK,2.4,"2.4-L L-4 DOHC 16V",Manual,3547,28995,"Used Car",,1969-12-31,,3547,,,,https://auto1pr.com/car.php?id=172
173,AUTO1PR,Hatchback,3HGGK5H42LM702840,3HGGK5H42LM702840,2020,honda,fit,Hatchback,,,4,Blanco,BLK,1.5,"1.5-L L-4 SOHC 16V",CVT,30992,18995,"Used Car",,1969-12-31,,30992,,"https://photos.dealerimagepro.com/lib/auto-1-llc-2544/06.25.2023/USED/%28honda%20-%20fit%293HGGK5H42LM702840%282%29/3HGGK5H42LM702840--07.jpg?ver=1687777321,https://photos.dealerimagepro.com/lib/auto-1-llc-2544/06.25.2023/USED/%28honda%20-%20fit%293HGGK5H42LM702840%282%29/3HGGK5H42LM702840--01.jpg?ver=1687777321",,https://auto1pr.com/car.php?id=173
174,AUTO1PR,Sedan,3MYDLBYV2LY710646,3MYDLBYV2LY710646,2020,toyota,yaris,Sedan,,,4,WHITE,BLK,1.5,"1.5-L L-4 DOHC 16V",Automatic,31093,19995,"Used Car",,1969-12-31,,31093,,"https://photos.dealerimagepro.com/lib/auto-1-llc-2544/06.24.2023/USED/%28Toyota%20-%20Yaris%293MYDLBYV2LY710646/3MYDLBYV2LY710646--30.jpg?ver=1687646334,https://photos.dealerimagepro.com/lib/auto-1-llc-2544/06.24.2023/USED/%28Toyota%20-%20Yaris%293MYDLBYV2LY710646/3MYDLBYV2LY710646--01.jpg?ver=1687646334,https://photos.dealerimagepro.com/lib/auto-1-llc-2544/06.24.2023/USED/%28Toyota%20-%20Yaris%293MYDLBYV2LY710646/3MYDLBYV2LY710646--05.jpg?ver=1687646334,https://photos.dealerimagepro.com/lib/auto-1-llc-2544/06.24.2023/USED/%28Toyota%20-%20Yaris%293MYDLBYV2LY710646/3MYDLBYV2LY710646--01.jpg?ver=1687646334,https://photos.dealerimagepro.com/lib/auto-1-llc-2544/06.24.2023/USED/%28Toyota%20-%20Yaris%293MYDLBYV2LY710646/3MYDLBYV2LY710646--11.jpg?ver=1687646334,https://photos.dealerimagepro.com/lib/auto-1-llc-2544/06.24.2023/USED/%28Toyota%20-%20Yaris%293MYDLBYV2LY710646/3MYDLBYV2LY710646--01.jpg?ver=1687646334,https://photos.dealerimagepro.com/lib/auto-1-llc-2544/06.24.2023/USED/%28Toyota%20-%20Yaris%293MYDLBYV2LY7",,https://auto1pr.com/car.php?id=174
175,AUTO1PR,"Sport Utility Vehicle",5FNYF7H27MB007440,5FNYF7H27MB007440,2021,honda,passport,"Sport Utility Vehicle",,,4,GREY,BLK,3.5,"3.5-L V-6 DOHC 24V",Automatic,36000,33995,"Used Car",,1969-12-31,,36000,,"https://photos.dealerimagepro.com/lib/auto-1-llc-2544/06.24.2023/USED/%28Honda%20-%20Passport%295FNYF7H27MB007440/5FNYF7H27MB007440--05.jpg?ver=1687639597,https://photos.dealerimagepro.com/lib/auto-1-llc-2544/06.24.2023/USED/%28Honda%20-%20Passport%295FNYF7H27MB007440/5FNYF7H27MB007440--01.jpg?ver=1687639597,https://photos.dealerimagepro.com/lib/auto-1-llc-2544/06.24.2023/USED/%28Honda%20-%20Passport%295FNYF7H27MB007440/5FNYF7H27MB007440--10.jpg?ver=1687639597,https://photos.dealerimagepro.com/lib/auto-1-llc-2544/06.24.2023/USED/%28Honda%20-%20Passport%295FNYF7H27MB007440/5FNYF7H27MB007440--01.jpg?ver=1687639597,https://photos.dealerimagepro.com/lib/auto-1-llc-2544/06.24.2023/USED/%28Honda%20-%20Passport%295FNYF7H27MB007440/5FNYF7H27MB007440--16.jpg?ver=1687639597,https://photos.dealerimagepro.com/lib/auto-1-llc-2544/06.24.2023/USED/%28Honda%20-%20Passport%295FNYF7H27MB007440/5FNYF7H27MB007440--01.jpg?ver=1687639597,https://photos.dealerimagepro.com/lib/auto-1-llc-2544/06.24.2023/USED/%28Honda%20-%20Passport%",,https://auto1pr.com/car.php?id=175
